WARNING start=1633354381379485955;<command>;end=1633354381382638106;echo -
WARNING start=1633355718766557883;<command>;end=1633355718769681819;echo -
WARNING start=1633355744082558061;<command>;end=1633355744086065142;echo -
WARNING start=1633355755411483603;<command>;end=1633355755421777930;echo -
WARNING start=1633355769774822191;<command>;end=1633355769777992863;echo -
WARNING start=1633355782119068610;<command>;end=1633355782121857629;echo -
WARNING start=1633355784088737241;<command>;end=1633355784091589982;echo -
WARNING start=1633355784790031026;<command>;end=1633355784793497386;echo -
WARNING start=1633355843502295442;<command>;end=1633355843505450160;echo -
WARNING start=1633355844374669588;<command>;end=1633355844379380360;echo -
WARNING start=1633355845062912662;<command>;end=1633355845066088482;echo -
WARNING start=1633355845747089717;<command>;end=1633355845752499802;echo -
WARNING start=1633358868153509147;<command>;end=1633358868156578200;echo -
WARNING start=1633358891883584155;<command>;end=1633358891887026390;echo -
WARNING start=1633358932504963692;<command>;end=1633358932508088915;echo -
WARNING start=1633358982404726220;<command>;end=1633358982407759987;echo -
WARNING start=1633358983358251725;<command>;end=1633358983361059317;echo -
WARNING start=1633359077603660782;<command>;end=1633359077606580491;echo -
WARNING start=1633359079739666162;<command>;end=1633359079742890236;echo -
WARNING start=1633359080404178038;<command>;end=1633359080407288695;echo -
WARNING start=1633359081005276616;<command>;end=1633359081008235282;echo -
WARNING start=1633359081602692996;<command>;end=1633359081605646318;echo -
WARNING start=1633359152380682875;<command>;end=1633359152386117927;echo -
